sku,supplier,name,description,thread_form,diameter,length,finish_colour,grade,type,sub_type,pack_qty,price_edited,price_unit,fkbrand,size_option,color,barcode,thread_type,categories,status,price,unit_price,is_in_stock,images,counter
22MCI800,,,,,,,,,,,,,,,,,,,"NUTS/INDUSTRIAL NUT, NUTS/INDUSTRIAL NUT/INDUSTRIAL NUTS - SELF COLOUR",,,,,,
24MCP1000,,,,,,,,,,,,,,,,,,,"NUTS/TURRET NUT, NUTS/TURRET NUT/TURRET NUTS - SELF COLOUR",,,,,,
24MCP4S00,,,,,,,,,,,,,,,,,,,"NUTS/TURRET NUT, NUTS/TURRET NUT/TURRET NUTS - STAINLESS STEEL",,,,,,
24MFI854,,,,,,,,,,,,,,,,,,,"NUTS/INDUSTRIAL NUT, NUTS/INDUSTRIAL NUT/INDUSTRIAL NUTS - ZINC & YELLOW",,,,,,
24MFP1000,,,,,,,,,,,,,,,,,,,"NUTS/TURRET NUT, NUTS/TURRET NUT/TURRET NUTS - SELF COLOUR",,,,,,
27MCI1054,,,,,,,,,,,,,,,,,,,"NUTS/INDUSTRIAL NUT, NUTS/INDUSTRIAL NUT/INDUSTRIAL NUTS - ZINC & YELLOW",,,,,,
27MCI2S00,,,,,,,,,,,,,,,,,,,"NUTS/INDUSTRIAL NUT, NUTS/INDUSTRIAL NUT/INDUSTRIAL NUTS - STAINLESS STEEL",,,,,,
27MCP1254,,,,,,,,,,,,,,,,,,,"NUTS/TURRET NUT, NUTS/TURRET NUT/TURRET NUTS - ZINC & YELLOW",,,,,,
30MCI1054,,,,,,,,,,,,,,,,,,,"NUTS/INDUSTRIAL NUT, NUTS/INDUSTRIAL NUT/INDUSTRIAL NUTS - ZINC & YELLOW",,,,,,
30MCI2S00,,,,,,,,,,,,,,,,,,,"NUTS/INDUSTRIAL NUT, NUTS/INDUSTRIAL NUT/INDUSTRIAL NUTS - STAINLESS STEEL",,,,,,
36MCI800,,,,,,,,,,,,,,,,,,,"NUTS/INDUSTRIAL NUT, NUTS/INDUSTRIAL NUT/INDUSTRIAL NUTS - SELF COLOUR",,,,,,
36MCP800,,,,,,,,,,,,,,,,,,,"NUTS/TURRET NUT, NUTS/TURRET NUT/TURRET NUTS - SELF COLOUR",,,,,,
36MCV855,,,,,,,,,,,,,,,,,,,"NUTS/MARK V NUT, NUTS/MARK V NUT/MARK V NUTS - ZINC & YELLOW",,,,,,
42MCI800,,,,,,,,,,,,,,,,,,,"NUTS/INDUSTRIAL NUT, NUTS/INDUSTRIAL NUT/INDUSTRIAL NUTS - SELF COLOUR",,,,,,
42MCI854,,,,,,,,,,,,,,,,,,,"NUTS/INDUSTRIAL NUT, NUTS/INDUSTRIAL NUT/INDUSTRIAL NUTS - ZINC & YELLOW",,,,,,
4MCP2018,,,,,,,,,,,,,,,,,,,NUTS/TURRET NUT,,,,,,
4MCP800,,,,,,,,,,,,,,,,,,,"NUTS/TURRET NUT, NUTS/TURRET NUT/TURRET NUTS - SELF COLOUR",,,,,,
56MCI1257,,,,,,,,,,,,,,,,,,,"NUTS/INDUSTRIAL NUT, NUTS/INDUSTRIAL NUT/INDUSTRIAL NUTS - ZINC & CLEAR",,,,,,
56MFI1257,,,,,,,,,,,,,,,,,,,"NUTS/INDUSTRIAL NUT, NUTS/INDUSTRIAL NUT/INDUSTRIAL NUTS - ZINC & CLEAR",,,,,,
5MCP4S00,,,,,,,,,,,,,,,,,,,"NUTS/TURRET NUT, NUTS/TURRET NUT/TURRET NUTS - STAINLESS STEEL",,,,,,
5MCP837,,,,,,,,,,,,,,,,,,,NUTS/TURRET NUT,,,,,,
64MCJ837,,,,,,,,,,,,,,,,,,,NUTS/INDUSTRIAL NUT,,,,,,
6MCI4S00,,,,,,,,,,,,,,,,,,,"NUTS/INDUSTRIAL NUT, NUTS/INDUSTRIAL NUT/INDUSTRIAL NUTS - STAINLESS STEEL",,,,,,
6MCI854,,,,,,,,,,,,,,,,,,,"NUTS/INDUSTRIAL NUT, NUTS/INDUSTRIAL NUT/INDUSTRIAL NUTS - ZINC & YELLOW",,,,,,
6MCV855,,,,,,,,,,,,,,,,,,,"NUTS/MARK V NUT, NUTS/MARK V NUT/MARK V NUTS - ZINC & YELLOW",,,,,,
8MCI2S00,,,,,,,,,,,,,,,,,,,"NUTS/INDUSTRIAL NUT, NUTS/INDUSTRIAL NUT/INDUSTRIAL NUTS - STAINLESS STEEL",,,,,,
8MCP4S00,,,,,,,,,,,,,,,,,,,"NUTS/TURRET NUT, NUTS/TURRET NUT/TURRET NUTS - STAINLESS STEEL",,,,,,
EFI137,,,,,,,,,,,,,,,,,,,"NUTS/INDUSTRIAL NUT, NUTS/INDUSTRIAL NUT/INDUSTRIAL NUTS - ZINC & CLEAR",,,,,,
EUFI100,,,,,,,,,,,,,,,,,,,"NUTS/INDUSTRIAL NUT, NUTS/INDUSTRIAL NUT/INDUSTRIAL NUTS - SELF COLOUR",,,,,,
EUFP137,,,,,,,,,,,,,,,,,,,NUTS/TURRET NUT,,,,,,
FK42MCI800,,,,,,,,,,,,,,,,,,,"NUTS/INDUSTRIAL NUT, NUTS/INDUSTRIAL NUT/INDUSTRIAL NUTS - SELF COLOUR",,,,,,
GFI100,,,,,,,,,,,,,,,,,,,NUTS/INDUSTRIAL NUT,,,,,,
GUCI137,,,,,,,,,,,,,,,,,,,"NUTS/INDUSTRIAL NUT, NUTS/INDUSTRIAL NUT/INDUSTRIAL NUTS - ZINC & CLEAR",,,,,,
GUFI100,,,,,,,,,,,,,,,,,,,"NUTS/INDUSTRIAL NUT, NUTS/INDUSTRIAL NUT/INDUSTRIAL NUTS - SELF COLOUR",,,,,,
GUFJ100,,,,,,,,,,,,,,,,,,,NUTS/INDUSTRIAL NUT,,,,,,
GUFJ137,,,,,,,,,,,,,,,,,,,"NUTS/INDUSTRIAL NUT, NUTS/INDUSTRIAL NUT/INDUSTRIAL NUTS - ZINC & CLEAR",,,,,,
GWI137,,,,,,,,,,,,,,,,,,,"NUTS/INDUSTRIAL NUT, NUTS/INDUSTRIAL NUT/INDUSTRIAL NUTS - ZINC & CLEAR",,,,,,
H2UCI100,,,,,,,,,,,,,,,,,,,"NUTS/INDUSTRIAL NUT, NUTS/INDUSTRIAL NUT/INDUSTRIAL NUTS - SELF COLOUR",,,,,,
JFI137,,,,,,,,,,,,,,,,,,,"NUTS/INDUSTRIAL NUT, NUTS/INDUSTRIAL NUT/INDUSTRIAL NUTS - ZINC & CLEAR",,,,,,
JUCI137,,,,,,,,,,,,,,,,,,,"NUTS/INDUSTRIAL NUT, NUTS/INDUSTRIAL NUT/INDUSTRIAL NUTS - ZINC & CLEAR",,,,,,
JUFJ137,,,,,,,,,,,,,,,,,,,"NUTS/INDUSTRIAL NUT, NUTS/INDUSTRIAL NUT/INDUSTRIAL NUTS - ZINC & CLEAR",,,,,,
JUFP4S00,,,,,,,,,,,,,,,,,,,"NUTS/TURRET NUT, NUTS/TURRET NUT/TURRET NUTS - STAINLESS STEEL",,,,,,
JUVS137,,,,,,,,,,,,,,,,,,,NUTS/MARK V NUT,,,,,,
JUVS155,,,,,,,,,,,,,,,,,,,"NUTS/MARK V NUT, NUTS/MARK V NUT/MARK V NUTS - ZINC & YELLOW",,,,,,
LF46138106,,,,,,,,,,,,,,,,,,,NUTS/FLANGE NUT,,,,,,
NUFI100,,,,,,,,,,,,,,,,,,,"NUTS/INDUSTRIAL NUT, NUTS/INDUSTRIAL NUT/INDUSTRIAL NUTS - SELF COLOUR",,,,,,
NUFP100,,,,,,,,,,,,,,,,,,,NUTS/TURRET NUT,,,,,,
PH20.10128-01,,,,,,,,,,,,,,,,,,,NUTS/FIAT NUT,,,,,,
PHILT112BZ,,,,,,,,,,,,,,,,,,,NUTS/TURRET NUT,,,,,,
QWI137,,,,,,,,,,,,,,,,,,,NUTS/INDUSTRIAL NUT,,,,,,
SUCI100,,,,,,,,,,,,,,,,,,,NUTS/INDUSTRIAL NUT,,,,,,
SUVS137,,,,,,,,,,,,,,,,,,,NUTS/MARK V NUT,,,,,,
UUCI100,,,,,,,,,,,,,,,,,,,"NUTS/INDUSTRIAL NUT, NUTS/INDUSTRIAL NUT/INDUSTRIAL NUTS - SELF COLOUR",,,,,,
WFI137,,,,,,,,,,,,,,,,,,,"NUTS/INDUSTRIAL NUT, NUTS/INDUSTRIAL NUT/INDUSTRIAL NUTS - ZINC & CLEAR",,,,,,
WWP137,,,,,,,,,,,,,,,,,,,NUTS/TURRET NUT,,,,,,
ZUCJ100,,,,,,,,,,,,,,,,,,,NUTS/INDUSTRIAL NUT,,,,,,
10MCI1054,,,,,,,,,,,,,,,,,,,NUTS/INDUSTRIAL NUT,,,,,,
10MCI4S00,,,,,,,,,,,,,,,,,,,"NUTS/INDUSTRIAL NUT, NUTS/INDUSTRIAL NUT/INDUSTRIAL NUTS - STAINLESS STEEL",,,,,,
10MCP1057,,,,,,,,,,,,,,,,,,,NUTS/TURRET NUT,,,,,,
10MCP800,,,,,,,,,,,,,,,,,,,"NUTS/TURRET NUT, NUTS/TURRET NUT/TURRET NUTS - SELF COLOUR",,,,,,
12MCI10106,,,,,,,,,,,,,,,,,,,NUTS/INDUSTRIAL NUT,,,,,,
12MCI800,,,,,,,,,,,,,,,,,,,"NUTS/INDUSTRIAL NUT, NUTS/INDUSTRIAL NUT/INDUSTRIAL NUTS - SELF COLOUR",,,,,,
12MCP1054,,,,,,,,,,,,,,,,,,,"NUTS/TURRET NUT, NUTS/TURRET NUT/TURRET NUTS - ZINC & YELLOW",,,,,,
12MCV1000,,,,,,,,,,,,,,,,,,,NUTS/MARK V NUT,,,,,,
14MCI1054,,,,,,,,,,,,,,,,,,,"NUTS/INDUSTRIAL NUT, NUTS/INDUSTRIAL NUT/INDUSTRIAL NUTS - ZINC & YELLOW",,,,,,
14MCI8106,,,,,,,,,,,,,,,,,,,NUTS/INDUSTRIAL NUT,,,,,,
14MFI854,,,,,,,,,,,,,,,,,,,"NUTS/INDUSTRIAL NUT, NUTS/INDUSTRIAL NUT/INDUSTRIAL NUTS - ZINC & YELLOW",,,,,,
14MFV1014,,,,,,,,,,,,,,,,,,,NUTS/MARK V NUT,,,,,,
16MCI12106,,,,,,,,,,,,,,,,,,,NUTS/INDUSTRIAL NUT,,,,,,
16MCI1237,,,,,,,,,,,,,,,,,,,"NUTS/INDUSTRIAL NUT, NUTS/INDUSTRIAL NUT/INDUSTRIAL NUTS - ZINC & CLEAR",,,,,,
16MCI4S00,,,,,,,,,,,,,,,,,,,"NUTS/INDUSTRIAL NUT, NUTS/INDUSTRIAL NUT/INDUSTRIAL NUTS - STAINLESS STEEL",,,,,,
16MCI800,,,,,,,,,,,,,,,,,,,"NUTS/INDUSTRIAL NUT, NUTS/INDUSTRIAL NUT/INDUSTRIAL NUTS - SELF COLOUR",,,,,,
16MCP10106,,,,,,,,,,,,,,,,,,,NUTS/TURRET NUT,,,,,,
16MCP4S00,,,,,,,,,,,,,,,,,,,"NUTS/TURRET NUT, NUTS/TURRET NUT/TURRET NUTS - STAINLESS STEEL",,,,,,
16MCP803,,,,,,,,,,,,,,,,,,,NUTS/TURRET NUT,,,,,,
16MCP8106,,,,,,,,,,,,,,,,,,,NUTS/TURRET NUT,,,,,,
16MFP1206,,,,,,,,,,,,,,,,,,,NUTS/TURRET NUT,,,,,,
16MFP837,,,,,,,,,,,,,,,,,,,NUTS/TURRET NUT,,,,,,
18MCP1000,,,,,,,,,,,,,,,,,,,"NUTS/TURRET NUT, NUTS/TURRET NUT/TURRET NUTS - SELF COLOUR",,,,,,
18MCP800,,,,,,,,,,,,,,,,,,,"NUTS/TURRET NUT, NUTS/TURRET NUT/TURRET NUTS - SELF COLOUR",,,,,,
20MCP4S00,,,,,,,,,,,,,,,,,,,"NUTS/TURRET NUT, NUTS/TURRET NUT/TURRET NUTS - STAINLESS STEEL",,,,,,
20MFI1054,,,,,,,,,,,,,,,,,,,"NUTS/INDUSTRIAL NUT, NUTS/INDUSTRIAL NUT/INDUSTRIAL NUTS - ZINC & YELLOW",,,,,,
16MCP837,,,,,,,,,,,,,,,,,,,NUTS/TURRET NUT,,,,,,
NUCI154,,,,,,,,,,,,,,,,,,,"NUTS/INDUSTRIAL NUT, NUTS/INDUSTRIAL NUT/INDUSTRIAL NUTS - ZINC & YELLOW",,,,,,
HJN12CZ,,,,,,,,,,,,,,,,,,,"NUTS/HEX NUTS, NUTS/HEX NUTS/JAM NUTS",,,,,,
WUCI137,,,,,,,,,,,,,,,,,,,"NUTS/INDUSTRIAL NUT, NUTS/INDUSTRIAL NUT/INDUSTRIAL NUTS - ZINC & YELLOW",,,,,,
5MCP800,,,,,,,,,,,,,,,,,,,"NUTS/TURRET NUT, NUTS/TURRET NUT/TURRET NUTS - SELF COLOUR",,,,,,
UFI137,,,,,,,,,,,,,,,,,,,"NUTS/INDUSTRIAL NUT, NUTS/INDUSTRIAL NUT/INDUSTRIAL NUTS - ZINC & CLEAR",,,,,,
FN118C,,,,,,,,,,,,,,,,,,,"NUTS/HEX NUTS, NUTS/HEX NUTS/FULL NUTS",,,,,,
FN112C,,,,,,,,,,,,,,,,,,,"NUTS/HEX NUTS, NUTS/HEX NUTS/FULL NUTS",,,,,,
FN14F,,,,,,,,,,,,,,,,,,,"NUTS/HEX NUTS, NUTS/HEX NUTS/FULL NUTS",,,,,,
FN12F,,,,,,,,,,,,,,,,,,,"NUTS/HEX NUTS, NUTS/HEX NUTS/FULL NUTS",,,,,,
FN916F,,,,,,,,,,,,,,,,,,,"NUTS/HEX NUTS, NUTS/HEX NUTS/FULL NUTS",,,,,,
FN34F,,,,,,,,,,,,,,,,,,,"NUTS/HEX NUTS, NUTS/HEX NUTS/FULL NUTS",,,,,,
FN114F,,,,,,,,,,,,,,,,,,,"NUTS/HEX NUTS, NUTS/HEX NUTS/FULL NUTS",,,,,,
FN2F,,,,,,,,,,,,,,,,,,,"NUTS/HEX NUTS, NUTS/HEX NUTS/FULL NUTS",,,,,,
FN14CZ,,,,,,,,,,,,,,,,,,,"NUTS/HEX NUTS, NUTS/HEX NUTS/FULL NUTS",,,,,,
FN516CZ,,,,,,,,,,,,,,,,,,,"NUTS/HEX NUTS, NUTS/HEX NUTS/FULL NUTS",,,,,,
FN38CZ,,,,,,,,,,,,,,,,,,,"NUTS/HEX NUTS, NUTS/HEX NUTS/FULL NUTS",,,,,,
FN916CZ,,,,,,,,,,,,,,,,,,,"NUTS/HEX NUTS, NUTS/HEX NUTS/FULL NUTS",,,,,,
FN58CZ,,,,,,,,,,,,,,,,,,,"NUTS/HEX NUTS, NUTS/HEX NUTS/FULL NUTS",,,,,,
FN78CZ,,,,,,,,,,,,,,,,,,,"NUTS/HEX NUTS, NUTS/HEX NUTS/FULL NUTS",,,,,,
FN134CZ,,,,,,,,,,,,,,,,,,,"NUTS/HEX NUTS, NUTS/HEX NUTS/FULL NUTS",,,,,,
FN14FZ,,,,,,,,,,,,,,,,,,,"NUTS/HEX NUTS, NUTS/HEX NUTS/FULL NUTS",,,,,,
FN516FZ,,,,,,,,,,,,,,,,,,,"NUTS/HEX NUTS, NUTS/HEX NUTS/FULL NUTS",,,,,,
FN38FZ,,,,,,,,,,,,,,,,,,,"NUTS/HEX NUTS, NUTS/HEX NUTS/FULL NUTS",,,,,,
FN716FZ,,,,,,,,,,,,,,,,,,,"NUTS/HEX NUTS, NUTS/HEX NUTS/FULL NUTS",,,,,,
FN916FZ,,,,,,,,,,,,,,,,,,,"NUTS/HEX NUTS, NUTS/HEX NUTS/FULL NUTS",,,,,,
FN34FZ,,,,,,,,,,,,,,,,,,,"NUTS/HEX NUTS, NUTS/HEX NUTS/FULL NUTS",,,,,,
FN114FZ,,,,,,,,,,,,,,,,,,,"NUTS/HEX NUTS, NUTS/HEX NUTS/FULL NUTS",,,,,,
FN14CZY,,,,,,,,,,,,,,,,,,,"NUTS/HEX NUTS, NUTS/HEX NUTS/FULL NUTS",,,,,,
FN516CZY,,,,,,,,,,,,,,,,,,,"NUTS/HEX NUTS, NUTS/HEX NUTS/FULL NUTS",,,,,,
FN38CZY,,,,,,,,,,,,,,,,,,,"NUTS/HEX NUTS, NUTS/HEX NUTS/FULL NUTS",,,,,,
FN12CZY,,,,,,,,,,,,,,,,,,,"NUTS/HEX NUTS, NUTS/HEX NUTS/FULL NUTS",,,,,,
FN58CZY,,,,,,,,,,,,,,,,,,,"NUTS/HEX NUTS, NUTS/HEX NUTS/FULL NUTS",,,,,,
FN34CZY,,,,,,,,,,,,,,,,,,,"NUTS/HEX NUTS, NUTS/HEX NUTS/FULL NUTS",,,,,,
FN516FZY,,,,,,,,,,,,,,,,,,,"NUTS/HEX NUTS, NUTS/HEX NUTS/FULL NUTS",,,,,,
FN38FZY,,,,,,,,,,,,,,,,,,,"NUTS/HEX NUTS, NUTS/HEX NUTS/FULL NUTS",,,,,,
FN716FZY,,,,,,,,,,,,,,,,,,,"NUTS/HEX NUTS, NUTS/HEX NUTS/FULL NUTS",,,,,,
FN14CGAL,,,,,,,,,,,,,,,,,,,"NUTS/HEX NUTS, NUTS/HEX NUTS/FULL NUTS",,,,,,
FN38CGAL,,,,,,,,,,,,,,,,,,,"NUTS/HEX NUTS, NUTS/HEX NUTS/FULL NUTS",,,,,,
FN58CGAL,,,,,,,,,,,,,,,,,,,"NUTS/HEX NUTS, NUTS/HEX NUTS/FULL NUTS",,,,,,
FN34CGAL,,,,,,,,,,,,,,,,,,,"NUTS/HEX NUTS, NUTS/HEX NUTS/FULL NUTS",,,,,,
FN78CGAL,,,,,,,,,,,,,,,,,,,"NUTS/HEX NUTS, NUTS/HEX NUTS/FULL NUTS",,,,,,
FN1CGAL,,,,,,,,,,,,,,,,,,,"NUTS/HEX NUTS, NUTS/HEX NUTS/FULL NUTS",,,,,,
FN2CGAL,,,,,,,,,,,,,,,,,,,"NUTS/HEX NUTS, NUTS/HEX NUTS/FULL NUTS",,,,,,
FN12CZ,,,,,,,,,,,,,,,,,,,"NUTS/HEX NUTS, NUTS/HEX NUTS/FULL NUTS",,,,,,
FN138C,,,,,,,,,,,,,,,,,,,"NUTS/HEX NUTS, NUTS/HEX NUTS/FULL NUTS",,,,,,
FN38F,,,,,,,,,,,,,,,,,,,"NUTS/HEX NUTS, NUTS/HEX NUTS/FULL NUTS",,,,,,
NNP4CZ,,,,,,,,,,,,,,,,,,,"NUTS/LOCKING NUTS, NUTS/LOCKING NUTS/NYLON LOCKING NUTS",,,,,,
NNP5CZ,,,,,,,,,,,,,,,,,,,"NUTS/LOCKING NUTS, NUTS/LOCKING NUTS/NYLON LOCKING NUTS",,,,,,
NNP10CZ,,,,,,,,,,,,,,,,,,,"NUTS/LOCKING NUTS, NUTS/LOCKING NUTS/NYLON LOCKING NUTS",,,,,,
NNP10FZ,,,,,,,,,,,,,,,,,,,"NUTS/LOCKING NUTS, NUTS/LOCKING NUTS/NYLON LOCKING NUTS",,,,,,
NNP8CZ,,,,,,,,,,,,,,,,,,,"NUTS/LOCKING NUTS, NUTS/LOCKING NUTS/NYLON LOCKING NUTS",,,,,,
NN10CZ,,,,,,,,,,,,,,,,,,,"NUTS/LOCKING NUTS, NUTS/LOCKING NUTS/NYLON LOCKING NUTS",,,,,,
NN10FZ,,,,,,,,,,,,,,,,,,,"NUTS/LOCKING NUTS, NUTS/LOCKING NUTS/NYLON LOCKING NUTS",,,,,,
NNP716FZ,,,,,,,,,,,,,,,,,,,"NUTS/LOCKING NUTS, NUTS/LOCKING NUTS/NYLON LOCKING NUTS",,,,,,
NNP916FZ,,,,,,,,,,,,,,,,,,,"NUTS/LOCKING NUTS, NUTS/LOCKING NUTS/NYLON LOCKING NUTS",,,,,,
NNP58FZ,,,,,,,,,,,,,,,,,,,"NUTS/LOCKING NUTS, NUTS/LOCKING NUTS/NYLON LOCKING NUTS",,,,,,
NNT516CZ,,,,,,,,,,,,,,,,,,,"NUTS/LOCKING NUTS, NUTS/LOCKING NUTS/NYLON LOCKING NUTS",,,,,,
NNT38CZ,,,,,,,,,,,,,,,,,,,"NUTS/LOCKING NUTS, NUTS/LOCKING NUTS/NYLON LOCKING NUTS",,,,,,
NNT916CZ,,,,,,,,,,,,,,,,,,,"NUTS/LOCKING NUTS, NUTS/LOCKING NUTS/NYLON LOCKING NUTS",,,,,,
NNT38FZ,,,,,,,,,,,,,,,,,,,"NUTS/LOCKING NUTS, NUTS/LOCKING NUTS/NYLON LOCKING NUTS",,,,,,
NNT916FZ,,,,,,,,,,,,,,,,,,,"NUTS/LOCKING NUTS, NUTS/LOCKING NUTS/NYLON LOCKING NUTS",,,,,,
NNT34FZ,,,,,,,,,,,,,,,,,,,"NUTS/LOCKING NUTS, NUTS/LOCKING NUTS/NYLON LOCKING NUTS",,,,,,
NNT78FZ,,,,,,,,,,,,,,,,,,,"NUTS/LOCKING NUTS, NUTS/LOCKING NUTS/NYLON LOCKING NUTS",,,,,,
NNP14CZ,,,,,,,,,,,,,,,,,,,"NUTS/LOCKING NUTS, NUTS/LOCKING NUTS/NYLON LOCKING NUTS",,,,,,
NNP516CZ,,,,,,,,,,,,,,,,,,,"NUTS/LOCKING NUTS, NUTS/LOCKING NUTS/NYLON LOCKING NUTS",,,,,,
NNP34FZ,,,,,,,,,,,,,,,,,,,"NUTS/LOCKING NUTS, NUTS/LOCKING NUTS/NYLON LOCKING NUTS",,,,,,
NNP38CZ,,,,,,,,,,,,,,,,,,,"NUTS/LOCKING NUTS, NUTS/LOCKING NUTS/NYLON LOCKING NUTS",,,,,,
NNP12CZ,,,,,,,,,,,,,,,,,,,"NUTS/LOCKING NUTS, NUTS/LOCKING NUTS/NYLON LOCKING NUTS",,,,,,
NNP58CZ,,,,,,,,,,,,,,,,,,,"NUTS/LOCKING NUTS, NUTS/LOCKING NUTS/NYLON LOCKING NUTS",,,,,,
NNP78CZ,,,,,,,,,,,,,,,,,,,"NUTS/LOCKING NUTS, NUTS/LOCKING NUTS/NYLON LOCKING NUTS",,,,,,
NNP1CZ,,,,,,,,,,,,,,,,,,,"NUTS/LOCKING NUTS, NUTS/LOCKING NUTS/NYLON LOCKING NUTS",,,,,,
NNP118FZ,,,,,,,,,,,,,,,,,,,"NUTS/LOCKING NUTS, NUTS/LOCKING NUTS/NYLON LOCKING NUTS",,,,,,
NNP134CZ,,,,,,,,,,,,,,,,,,,"NUTS/LOCKING NUTS, NUTS/LOCKING NUTS/NYLON LOCKING NUTS",,,,,,
NNT3MZ,,,,,,,,,,,,,,,,,,,"NUTS/LOCKING NUTS, NUTS/LOCKING NUTS/NYLON LOCKING NUTS",,,,,,
NNT4MZ,,,,,,,,,,,,,,,,,,,"NUTS/LOCKING NUTS, NUTS/LOCKING NUTS/NYLON LOCKING NUTS",,,,,,
NNT8MZ,,,,,,,,,,,,,,,,,,,"NUTS/LOCKING NUTS, NUTS/LOCKING NUTS/NYLON LOCKING NUTS",,,,,,
NNT10MZ,,,,,,,,,,,,,,,,,,,"NUTS/LOCKING NUTS, NUTS/LOCKING NUTS/NYLON LOCKING NUTS",,,,,,
NNT12MZ,,,,,,,,,,,,,,,,,,,"NUTS/LOCKING NUTS, NUTS/LOCKING NUTS/NYLON LOCKING NUTS",,,,,,
NNT18MZ,,,,,,,,,,,,,,,,,,,"NUTS/LOCKING NUTS, NUTS/LOCKING NUTS/NYLON LOCKING NUTS",,,,,,
NNT20MZ,,,,,,,,,,,,,,,,,,,"NUTS/LOCKING NUTS, NUTS/LOCKING NUTS/NYLON LOCKING NUTS",,,,,,
NNT30MZ,,,,,,,,,,,,,,,,,,,"NUTS/LOCKING NUTS, NUTS/LOCKING NUTS/NYLON LOCKING NUTS",,,,,,
NNT36MZ,,,,,,,,,,,,,,,,,,,"NUTS/LOCKING NUTS, NUTS/LOCKING NUTS/NYLON LOCKING NUTS",,,,,,
NNP4MZ,,,,,,,,,,,,,,,,,,,"NUTS/LOCKING NUTS, NUTS/LOCKING NUTS/NYLON LOCKING NUTS",,,,,,
NNP5MZ,,,,,,,,,,,,,,,,,,,"NUTS/LOCKING NUTS, NUTS/LOCKING NUTS/NYLON LOCKING NUTS",,,,,,
NNP8MZ,,,,,,,,,,,,,,,,,,,"NUTS/LOCKING NUTS, NUTS/LOCKING NUTS/NYLON LOCKING NUTS",,,,,,
NNP10MZ,,,,,,,,,,,,,,,,,,,"NUTS/LOCKING NUTS, NUTS/LOCKING NUTS/NYLON LOCKING NUTS",,,,,,
NNP20MZ,,,,,,,,,,,,,,,,,,,"NUTS/LOCKING NUTS, NUTS/LOCKING NUTS/NYLON LOCKING NUTS",,,,,,
NNP3MZ,,,,,,,,,,,,,,,,,,,"NUTS/LOCKING NUTS, NUTS/LOCKING NUTS/NYLON LOCKING NUTS",,,,,,
FN212F,,,,,,,,,,,,,,,,,,,"NUTS/HEX NUTS, NUTS/HEX NUTS/FULL NUTS",,,,,,
NNP16MZ,,,,,,,,,,,,,,,,,,,"NUTS/LOCKING NUTS, NUTS/LOCKING NUTS/NYLON LOCKING NUTS",,,,,,
FN516C,,,,,,,,,,,,,,,,,,,"NUTS/HEX NUTS, NUTS/HEX NUTS/FULL NUTS",,,,,,
FN38C,,,,,,,,,,,,,,,,,,,"NUTS/HEX NUTS, NUTS/HEX NUTS/FULL NUTS",,,,,,
FN716C,,,,,,,,,,,,,,,,,,,"NUTS/HEX NUTS, NUTS/HEX NUTS/FULL NUTS",,,,,,
FN12C,,,,,,,,,,,,,,,,,,,"NUTS/HEX NUTS, NUTS/HEX NUTS/FULL NUTS",,,,,,
FN58C,,,,,,,,,,,,,,,,,,,"NUTS/HEX NUTS, NUTS/HEX NUTS/FULL NUTS",,,,,,
FN78C,,,,,,,,,,,,,,,,,,,"NUTS/HEX NUTS, NUTS/HEX NUTS/FULL NUTS",,,,,,
FN78F,,,,,,,,,,,,,,,,,,,"NUTS/HEX NUTS, NUTS/HEX NUTS/FULL NUTS",,,,,,
NNP112CZ,,,,,,,,,,,,,,,,,,,"NUTS/LOCKING NUTS, NUTS/LOCKING NUTS/NYLON LOCKING NUTS",,,,,,
LN14IZ,,,,,,,,,,,,,,,,,,,NUTS/LOCKING NUTS,,,,,,
LN516IZ,,,,,,,,,,,,,,,,,,,NUTS/LOCKING NUTS,,,,,,
LN38IZ,,,,,,,,,,,,,,,,,,,NUTS/LOCKING NUTS,,,,,,
LN12IZ,,,,,,,,,,,,,,,,,,,NUTS/LOCKING NUTS,,,,,,
LN6MZ,,,,,,,,,,,,,,,,,,,NUTS/LOCKING NUTS,,,,,,
LN8MZ,,,,,,,,,,,,,,,,,,,NUTS/LOCKING NUTS,,,,,,
LN10MZ,,,,,,,,,,,,,,,,,,,NUTS/LOCKING NUTS,,,,,,
LN16MZ,,,,,,,,,,,,,,,,,,,NUTS/LOCKING NUTS,,,,,,
LNET4IZ,,,,,,,,,,,,,,,,,,,NUTS/LOCKING NUTS,,,,,,
LNET5IZ,,,,,,,,,,,,,,,,,,,NUTS/LOCKING NUTS,,,,,,
LNET6IZ,,,,,,,,,,,,,,,,,,,NUTS/LOCKING NUTS,,,,,,
LNET8IZ,,,,,,,,,,,,,,,,,,,NUTS/LOCKING NUTS,,,,,,
LNET10IZ,,,,,,,,,,,,,,,,,,,NUTS/LOCKING NUTS,,,,,,
LNET12IZ,,,,,,,,,,,,,,,,,,,NUTS/LOCKING NUTS,,,,,,
LNET14IZ,,,,,,,,,,,,,,,,,,,NUTS/LOCKING NUTS,,,,,,
LNET38IZ,,,,,,,,,,,,,,,,,,,NUTS/LOCKING NUTS,,,,,,
HJN716C,,,,,,,,,,,,,,,,,,,"NUTS/HEX NUTS, NUTS/HEX NUTS/JAM NUTS",,,,,,
HJN14CZ,,,,,,,,,,,,,,,,,,,"NUTS/HEX NUTS, NUTS/HEX NUTS/JAM NUTS",,,,,,
FN4M,,,,,,,,,,,,,,,,,,,"NUTS/HEX NUTS, NUTS/HEX NUTS/FULL NUTS",,,,,,
HJN114FZ,,,,,,,,,,,,,,,,,,,"NUTS/HEX NUTS, NUTS/HEX NUTS/JAM NUTS",,,,,,
FN6C516,,,,,,,,,,,,,,,,,,,NUTS/HEX NUTS,,,,,,
HJN12FZ,,,,,,,,,,,,,,,,,,,"NUTS/HEX NUTS, NUTS/HEX NUTS/JAM NUTS",,,,,,
FN10M,,,,,,,,,,,,,,,,,,,NUTS/HEX NUTS,,,,,,
FN12M,,,,,,,,,,,,,,,,,,,NUTS/HEX NUTS,,,,,,
NNP158CZ,,,,,,,,,,,,,,,,,,,"NUTS/LOCKING NUTS, NUTS/LOCKING NUTS/NYLON LOCKING NUTS",,,,,,
NNP212CZ,,,,,,,,,,,,,,,,,,,"NUTS/LOCKING NUTS, NUTS/LOCKING NUTS/NYLON LOCKING NUTS",,,,,,
NNP234CZ,,,,,,,,,,,,,,,,,,,"NUTS/LOCKING NUTS, NUTS/LOCKING NUTS/NYLON LOCKING NUTS",,,,,,
FN214CGAL,,,,,,,,,,,,,,,,,,,"NUTS/HEX NUTS, NUTS/HEX NUTS/HEAVY NUTS",,,,,,
FN234CGAL,,,,,,,,,,,,,,,,,,,"NUTS/HEX NUTS, NUTS/HEX NUTS/HEAVY NUTS",,,,,,
FN334CGAL,,,,,,,,,,,,,,,,,,,"NUTS/HEX NUTS, NUTS/HEX NUTS/HEAVY NUTS",,,,,,
FN6C516Z,,,,,,,,,,,,,,,,,,,NUTS/HEX NUTS,,,,,,
FN12C716Z,,,,,,,,,,,,,,,,,,,NUTS/HEX NUTS,,,,,,
FN516C916Z,,,,,,,,,,,,,,,,,,,NUTS/HEX NUTS,,,,,,
FN38C58Z,,,,,,,,,,,,,,,,,,,NUTS/HEX NUTS,,,,,,
FN14F716Z,,,,,,,,,,,,,,,,,,,NUTS/HEX NUTS,,,,,,
HJN14C,,,,,,,,,,,,,,,,,,,"NUTS/HEX NUTS, NUTS/HEX NUTS/JAM NUTS",,,,,,
HJN516C,,,,,,,,,,,,,,,,,,,"NUTS/HEX NUTS, NUTS/HEX NUTS/JAM NUTS",,,,,,
HJN38C,,,,,,,,,,,,,,,,,,,"NUTS/HEX NUTS, NUTS/HEX NUTS/JAM NUTS",,,,,,
HJN12C,,,,,,,,,,,,,,,,,,,"NUTS/HEX NUTS, NUTS/HEX NUTS/JAM NUTS",,,,,,
HJN38F,,,,,,,,,,,,,,,,,,,"NUTS/HEX NUTS, NUTS/HEX NUTS/JAM NUTS",,,,,,
HJN12F,,,,,,,,,,,,,,,,,,,"NUTS/HEX NUTS, NUTS/HEX NUTS/JAM NUTS",,,,,,
HJN916F,,,,,,,,,,,,,,,,,,,"NUTS/HEX NUTS, NUTS/HEX NUTS/JAM NUTS",,,,,,
HJN34F,,,,,,,,,,,,,,,,,,,"NUTS/HEX NUTS, NUTS/HEX NUTS/JAM NUTS",,,,,,
HJN118F,,,,,,,,,,,,,,,,,,,"NUTS/HEX NUTS, NUTS/HEX NUTS/JAM NUTS",,,,,,
HJN112F,,,,,,,,,,,,,,,,,,,"NUTS/HEX NUTS, NUTS/HEX NUTS/JAM NUTS",,,,,,
HJN516CZ,,,,,,,,,,,,,,,,,,,"NUTS/HEX NUTS, NUTS/HEX NUTS/JAM NUTS",,,,,,
HJN58CZ,,,,,,,,,,,,,,,,,,,"NUTS/HEX NUTS, NUTS/HEX NUTS/JAM NUTS",,,,,,
HJN34CZ,,,,,,,,,,,,,,,,,,,"NUTS/HEX NUTS, NUTS/HEX NUTS/JAM NUTS",,,,,,
HJN516FZ,,,,,,,,,,,,,,,,,,,"NUTS/HEX NUTS, NUTS/HEX NUTS/JAM NUTS",,,,,,
HJN38FZ,,,,,,,,,,,,,,,,,,,"NUTS/HEX NUTS, NUTS/HEX NUTS/JAM NUTS",,,,,,
HJN716FZ,,,,,,,,,,,,,,,,,,,"NUTS/HEX NUTS, NUTS/HEX NUTS/JAM NUTS",,,,,,
HJN916FZ,,,,,,,,,,,,,,,,,,,"NUTS/HEX NUTS, NUTS/HEX NUTS/JAM NUTS",,,,,,
HJN34FZ,,,,,,,,,,,,,,,,,,,"NUTS/HEX NUTS, NUTS/HEX NUTS/JAM NUTS",,,,,,
HJN1CZY,,,,,,,,,,,,,,,,,,,"NUTS/HEX NUTS, NUTS/HEX NUTS/JAM NUTS",,,,,,
HJN34FZY,,,,,,,,,,,,,,,,,,,"NUTS/HEX NUTS, NUTS/HEX NUTS/JAM NUTS",,,,,,
FN5C516,,,,,,,,,,,,,,,,,,,NUTS/HEX NUTS,,,,,,
FN8C1132,,,,,,,,,,,,,,,,,,,NUTS/HEX NUTS,,,,,,
FN10C38,,,,,,,,,,,,,,,,,,,NUTS/HEX NUTS,,,,,,
FN14F716,,,,,,,,,,,,,,,,,,,NUTS/HEX NUTS,,,,,,
FN16MZ,,,,,,,,,,,,,,,,,,,NUTS/HEX NUTS,,,,,,
FN5M,,,,,,,,,,,,,,,,,,,"NUTS/HEX NUTS, NUTS/HEX NUTS/FULL NUTS",,,,,,
FN22M,,,,,,,,,,,,,,,,,,,"NUTS/HEX NUTS, NUTS/HEX NUTS/FULL NUTS",,,,,,
FN33M,,,,,,,,,,,,,,,,,,,NUTS/HEX NUTS,,,,,,
FN52M,,,,,,,,,,,,,,,,,,,NUTS/HEX NUTS,,,,,,
FN56M,,,,,,,,,,,,,,,,,,,NUTS/HEX NUTS,,,,,,
FN68M,,,,,,,,,,,,,,,,,,,NUTS/HEX NUTS,,,,,,
NNP14FZ,,,,,,,,,,,,,,,,,,,"NUTS/LOCKING NUTS, NUTS/LOCKING NUTS/NYLON LOCKING NUTS",,,,,,
FN3C,,,,,,,,,,,,,,,,,,,"NUTS/HEX NUTS, NUTS/HEX NUTS/FULL NUTS",,,,,,
FN138FZ,,,,,,,,,,,,,,,,,,,"NUTS/HEX NUTS, NUTS/HEX NUTS/FULL NUTS",,,,,,
NNT5MZ,,,,,,,,,,,,,,,,,,,"NUTS/LOCKING NUTS, NUTS/LOCKING NUTS/NYLON LOCKING NUTS",,,,,,
UUFI137,,,,,,,,,,,,,,,,,,,"NUTS/INDUSTRIAL NUT, NUTS/INDUSTRIAL NUT/INDUSTRIAL NUTS - ZINC & CLEAR",,,,,,
FORNUT10M,,,,,,,,,,,,,,,,,,,NUTS/HEX NUTS,,,,,,
FORNUT16M,,,,,,,,,,,,,,,,,,,NUTS/HEX NUTS,,,,,,
FORNUT20M,,,,,,,,,,,,,,,,,,,NUTS/HEX NUTS,,,,,,
FORNUT4M,,,,,,,,,,,,,,,,,,,NUTS/HEX NUTS,,,,,,
FORNUT5M,,,,,,,,,,,,,,,,,,,NUTS/HEX NUTS,,,,,,
FORNUT6M,,,,,,,,,,,,,,,,,,,NUTS/HEX NUTS,,,,,,
FORNUT8M,,,,,,,,,,,,,,,,,,,NUTS/HEX NUTS,,,,,,
FORNYLOC12G,,,,,,,,,,,,,,,,,,,"NUTS/HEX NUTS, NUTS/HEX NUTS/NYLON NUTS",,,,,,
FORNYLOC16M,,,,,,,,,,,,,,,,,,,"NUTS/HEX NUTS, NUTS/HEX NUTS/NYLON NUTS",,,,,,
FORNYLOC4M,,,,,,,,,,,,,,,,,,,"NUTS/HEX NUTS, NUTS/HEX NUTS/NYLON NUTS",,,,,,
FORNYLOC5M,,,,,,,,,,,,,,,,,,,"NUTS/HEX NUTS, NUTS/HEX NUTS/NYLON NUTS",,,,,,
FORNYLOC6M,,,,,,,,,,,,,,,,,,,"NUTS/HEX NUTS, NUTS/HEX NUTS/NYLON NUTS",,,,,,
FORFPNUT10,,,,,,,,,,,,,,,,,,,NUTS/HEX NUTS & WASHERS,,,,,,
FORFPNUT10SS,,,,,,,,,,,,,,,,,,,NUTS/HEX NUTS & WASHERS,,,,,,
FORFPNUT12,,,,,,,,,,,,,,,,,,,NUTS/HEX NUTS & WASHERS,,,,,,
FORFPNUT12SS,,,,,,,,,,,,,,,,,,,NUTS/HEX NUTS & WASHERS,,,,,,
FORFPNUT16,,,,,,,,,,,,,,,,,,,NUTS/HEX NUTS & WASHERS,,,,,,
FORFPNUT4,,,,,,,,,,,,,,,,,,,NUTS/HEX NUTS & WASHERS,,,,,,
FORFPNUT5,,,,,,,,,,,,,,,,,,,NUTS/HEX NUTS & WASHERS,,,,,,
FORFPNUT6,,,,,,,,,,,,,,,,,,,NUTS/HEX NUTS & WASHERS,,,,,,
FORFPNUT6SS,,,,,,,,,,,,,,,,,,,NUTS/HEX NUTS & WASHERS,,,,,,
FORFPNUT8,,,,,,,,,,,,,,,,,,,NUTS/HEX NUTS & WASHERS,,,,,,
FORFPNUT8SS,,,,,,,,,,,,,,,,,,,NUTS/HEX NUTS & WASHERS,,,,,,
FORFPNUTSET,,,,,,,,,,,,,,,,,,,NUTS/HEX NUTS,,,,,,
FORFPNYL12SS,,,,,,,,,,,,,,,,,,,NUTS/NYLOC NUTS,,,,,,
FORFPNYL16,,,,,,,,,,,,,,,,,,,NUTS/HEX NUTS & WASHERS,,,,,,
FORFPNYL3,,,,,,,,,,,,,,,,,,,NUTS/HEX NUTS & WASHERS,,,,,,
FORFPNYL5,,,,,,,,,,,,,,,,,,,NUTS/HEX NUTS & WASHERS,,,,,,
FORFPNYL6,,,,,,,,,,,,,,,,,,,NUTS/HEX NUTS & WASHERS,,,,,,
FORFPNYL8,,,,,,,,,,,,,,,,,,,NUTS/HEX NUTS & WASHERS,,,,,,
FORFPNYL8SS,,,,,,,,,,,,,,,,,,,NUTS/NYLOC NUTS,,,,,,
FORPTN8M,,,,,,,,,,,,,,,,,,,NUTS/PRONGED NUTS,,,,,,
FORFPWING12,,,,,,,,,,,,,,,,,,,NUTS/WING NUTS,,,,,,
FORFPWING5,,,,,,,,,,,,,,,,,,,NUTS/WING NUTS,,,,,,
FORFPWING6,,,,,,,,,,,,,,,,,,,NUTS/WING NUTS,,,,,,
FORFPNYL10SS,,,,,,,,,,,,,,,,,,,NUTS/NYLOC NUTS,,,,,,
FORWING12M,,,,,,,,,,,,,,,,,,,NUTS/WING NUTS,,,,,,
FORWING6M,,,,,,,,,,,,,,,,,,,NUTS/WING NUTS,,,,,,
FORWING8M,,,,,,,,,,,,,,,,,,,NUTS/WING NUTS,,,,,,
6I0594,,,,,,,,,,,,,,,,,,,NUTS/,,,,,,
F4723803,,,,,,,,,,,,,,,,,,,NUTS/,,,,,,
LF50042S103,,,,,,,,,,,,,,,,,,,NUTS/,,,,,,
ZAWI100,,,,,,,,,,,,,,,,,,,NUTS/,,,,,,
18MCP831,,,,,,,,,,,,,,,,,,,NUTS/TURRET NUT,,,,,,
UDN12M,,,,,,,,,,,,,,,,,,,NUTS/DURLOK NUTS,,,,,,
FORFPNUT3,,,,,,,,,,,,,,,,,,,NUTS/HEX NUTS & WASHERS,,,,,,
12MCI4S00,,,,,,,,,,,,,,,,,,,"NUTS/INDUSTRIAL NUT, NUTS/INDUSTRIAL NUT/INDUSTRIAL NUTS - STAINLESS STEEL",,,,,,
16MCI854,,,,,,,,,,,,,,,,,,,"NUTS/INDUSTRIAL NUT, NUTS/INDUSTRIAL NUT/INDUSTRIAL NUTS - ZINC & YELLOW",,,,,,
33MCP800,,,,,,,,,,,,,,,,,,,"NUTS/TURRET NUT, NUTS/TURRET NUT/TURRET NUTS - SELF COLOUR",,,,,,
JWI137,,,,,,,,,,,,,,,,,,,"NUTS/INDUSTRIAL NUT, NUTS/INDUSTRIAL NUT/INDUSTRIAL NUTS - ZINC & CLEAR",,,,,,
10MCV855,,,,,,,,,,,,,,,,,,,"NUTS/MARK V NUT, NUTS/MARK V NUT/MARK V NUTS - ZINC & YELLOW",,,,,,
20MCI4S00,,,,,,,,,,,,,,,,,,,"NUTS/INDUSTRIAL NUT, NUTS/INDUSTRIAL NUT/INDUSTRIAL NUTS - STAINLESS STEEL",,,,,,
4MCP2S00,,,,,,,,,,,,,,,,,,,"NUTS/TURRET NUT, NUTS/TURRET NUT/TURRET NUTS - STAINLESS STEEL",,,,,,
6MCI800,,,,,,,,,,,,,,,,,,,"NUTS/INDUSTRIAL NUT, NUTS/INDUSTRIAL NUT/INDUSTRIAL NUTS - SELF COLOUR",,,,,,
8MCP2S00,,,,,,,,,,,,,,,,,,,"NUTS/TURRET NUT, NUTS/TURRET NUT/TURRET NUTS - STAINLESS STEEL",,,,,,
20MCP800,,,,,,,,,,,,,,,,,,,"NUTS/TURRET NUT, NUTS/TURRET NUT/TURRET NUTS - SELF COLOUR",,,,,,
24MCI854,,,,,,,,,,,,,,,,,,,"NUTS/INDUSTRIAL NUT, NUTS/INDUSTRIAL NUT/INDUSTRIAL NUTS - ZINC & YELLOW",,,,,,
30MCP800,,,,,,,,,,,,,,,,,,,"NUTS/TURRET NUT, NUTS/TURRET NUT/TURRET NUTS - SELF COLOUR",,,,,,
3MCI4S00,,,,,,,,,,,,,,,,,,,"NUTS/INDUSTRIAL NUT, NUTS/INDUSTRIAL NUT/INDUSTRIAL NUTS - STAINLESS STEEL",,,,,,
GUFI155,,,,,,,,,,,,,,,,,,,"NUTS/INDUSTRIAL NUT, NUTS/INDUSTRIAL NUT/INDUSTRIAL NUTS - ZINC & YELLOW",,,,,,
QUFI100,,,,,,,,,,,,,,,,,,,"NUTS/INDUSTRIAL NUT, NUTS/INDUSTRIAL NUT/INDUSTRIAL NUTS - SELF COLOUR",,,,,,
24MCI2S00,,,,,,,,,,,,,,,,,,,"NUTS/INDUSTRIAL NUT, NUTS/INDUSTRIAL NUT/INDUSTRIAL NUTS - STAINLESS STEEL",,,,,,
3MCI2S00,,,,,,,,,,,,,,,,,,,"NUTS/INDUSTRIAL NUT, NUTS/INDUSTRIAL NUT/INDUSTRIAL NUTS - STAINLESS STEEL",,,,,,
4MCP854,,,,,,,,,,,,,,,,,,,"NUTS/TURRET NUT, NUTS/TURRET NUT/TURRET NUTS - ZINC & YELLOW",,,,,,
8MCP137,,,,,,,,,,,,,,,,,,,NUTS/TURRET NUT,,,,,,
FORFPWING8,,,,,,,,,,,,,,,,,,,NUTS/WING NUTS,,,,,,
EUFI137,,,,,,,,,,,,,,,,,,,"NUTS/INDUSTRIAL NUT, NUTS/INDUSTRIAL NUT/INDUSTRIAL NUTS - ZINC & CLEAR",,,,,,
14MFI1054,,,,,,,,,,,,,,,,,,,"NUTS/INDUSTRIAL NUT, NUTS/INDUSTRIAL NUT/INDUSTRIAL NUTS - ZINC & YELLOW",,,,,,
3MCI800,,,,,,,,,,,,,,,,,,,"NUTS/INDUSTRIAL NUT, NUTS/INDUSTRIAL NUT/INDUSTRIAL NUTS - SELF COLOUR",,,,,,
20MCP854,,,,,,,,,,,,,,,,,,,"NUTS/TURRET NUT, NUTS/TURRET NUT/TURRET NUTS - ZINC & YELLOW",,,,,,
HJN916CZ,,,,,,,,,,,,,,,,,,,"NUTS/HEX NUTS, NUTS/HEX NUTS/JAM NUTS",,,,,,
EUFI154,,,,,,,,,,,,,,,,,,,"NUTS/INDUSTRIAL NUT, NUTS/INDUSTRIAL NUT/INDUSTRIAL NUTS - ZINC & YELLOW",,,,,,
JUFI137,,,,,,,,,,,,,,,,,,,NUTS/INDUSTRIAL NUT,,,,,,
SWP137,,,,,,,,,,,,,,,,,,,NUTS/TURRET NUT,,,,,,
HJN14F,,,,,,,,,,,,,,,,,,,"NUTS/HEX NUTS, NUTS/HEX NUTS/JAM NUTS",,,,,,
22MCP800,,,,,,,,,,,,,,,,,,,"NUTS/TURRET NUT, NUTS/TURRET NUT/TURRET NUTS - SELF COLOUR",,,,,,
48MCP854,,,,,,,,,,,,,,,,,,,"NUTS/TURRET NUT, NUTS/TURRET NUT/TURRET NUTS - ZINC & YELLOW",,,,,,
5MCI4S00,,,,,,,,,,,,,,,,,,,"NUTS/INDUSTRIAL NUT, NUTS/INDUSTRIAL NUT/INDUSTRIAL NUTS - STAINLESS STEEL",,,,,,
SFI137,,,,,,,,,,,,,,,,,,,"NUTS/INDUSTRIAL NUT, NUTS/INDUSTRIAL NUT/INDUSTRIAL NUTS - ZINC & CLEAR",,,,,,
20MCI854,,,,,,,,,,,,,,,,,,,"NUTS/INDUSTRIAL NUT, NUTS/INDUSTRIAL NUT/INDUSTRIAL NUTS - ZINC & YELLOW",,,,,,
NUFI137,,,,,,,,,,,,,,,,,,,NUTS/INDUSTRIAL NUT,,,,,,
NWI137,,,,,,,,,,,,,,,,,,,"NUTS/INDUSTRIAL NUT, NUTS/INDUSTRIAL NUT/INDUSTRIAL NUTS - ZINC & CLEAR",,,,,,
SUFI100,,,,,,,,,,,,,,,,,,,"NUTS/INDUSTRIAL NUT, NUTS/INDUSTRIAL NUT/INDUSTRIAL NUTS - SELF COLOUR",,,,,,
QUFI137,,,,,,,,,,,,,,,,,,,"NUTS/INDUSTRIAL NUT, NUTS/INDUSTRIAL NUT/INDUSTRIAL NUTS - ZINC & CLEAR",,,,,,
UDN6M,,,,,,,,,,,,,,,,,,,NUTS/DURLOK NUTS,,,,,,
EUVS155,,,,,,,,,,,,,,,,,,,"NUTS/MARK V NUT, NUTS/MARK V NUT/MARK V NUTS - ZINC & YELLOW",,,,,,
4MCP4S00,,,,,,,,,,,,,,,,,,,"NUTS/TURRET NUT, NUTS/TURRET NUT/TURRET NUTS - STAINLESS STEEL",,,,,,
5MCP2S00,,,,,,,,,,,,,,,,,,,"NUTS/TURRET NUT, NUTS/TURRET NUT/TURRET NUTS - STAINLESS STEEL",,,,,,
6MCI2S00,,,,,,,,,,,,,,,,,,,"NUTS/INDUSTRIAL NUT, NUTS/INDUSTRIAL NUT/INDUSTRIAL NUTS - STAINLESS STEEL",,,,,,
6MCP2S00,,,,,,,,,,,,,,,,,,,"NUTS/TURRET NUT, NUTS/TURRET NUT/TURRET NUTS - STAINLESS STEEL",,,,,,
6MCP854,,,,,,,,,,,,,,,,,,,"NUTS/TURRET NUT, NUTS/TURRET NUT/TURRET NUTS - ZINC & YELLOW",,,,,,
8MCP800,,,,,,,,,,,,,,,,,,,"NUTS/TURRET NUT, NUTS/TURRET NUT/TURRET NUTS - SELF COLOUR",,,,,,
NUVS138,,,,,,,,,,,,,,,,,,,NUTS/MARK V NUT,,,,,,
SWI137,,,,,,,,,,,,,,,,,,,"NUTS/INDUSTRIAL NUT, NUTS/INDUSTRIAL NUT/INDUSTRIAL NUTS - ZINC & CLEAR",,,,,,
24MCI800,,,,,,,,,,,,,,,,,,,"NUTS/INDUSTRIAL NUT, NUTS/INDUSTRIAL NUT/INDUSTRIAL NUTS - SELF COLOUR",,,,,,
30MCI800,,,,,,,,,,,,,,,,,,,"NUTS/INDUSTRIAL NUT, NUTS/INDUSTRIAL NUT/INDUSTRIAL NUTS - SELF COLOUR",,,,,,
8MCI854,,,,,,,,,,,,,,,,,,,"NUTS/INDUSTRIAL NUT, NUTS/INDUSTRIAL NUT/INDUSTRIAL NUTS - ZINC & YELLOW",,,,,,
12MCI854,,,,,,,,,,,,,,,,,,,"NUTS/INDUSTRIAL NUT, NUTS/INDUSTRIAL NUT/INDUSTRIAL NUTS - ZINC & YELLOW",,,,,,
14MCI854,,,,,,,,,,,,,,,,,,,"NUTS/INDUSTRIAL NUT, NUTS/INDUSTRIAL NUT/INDUSTRIAL NUTS - ZINC & YELLOW",,,,,,
30MCV855,,,,,,,,,,,,,,,,,,,"NUTS/MARK V NUT, NUTS/MARK V NUT/MARK V NUTS - ZINC & YELLOW",,,,,,
10MCP2S00,,,,,,,,,,,,,,,,,,,"NUTS/TURRET NUT, NUTS/TURRET NUT/TURRET NUTS - STAINLESS STEEL",,,,,,
12MCV855,,,,,,,,,,,,,,,,,,,"NUTS/MARK V NUT, NUTS/MARK V NUT/MARK V NUTS - ZINC & YELLOW",,,,,,
14MCV855,,,,,,,,,,,,,,,,,,,"NUTS/MARK V NUT, NUTS/MARK V NUT/MARK V NUTS - ZINC & YELLOW",,,,,,
10MCV837,,,,,,,,,,,,,,,,,,,NUTS/MARK V NUT,,,,,,
5MCV855,,,,,,,,,,,,,,,,,,,"NUTS/MARK V NUT, NUTS/MARK V NUT/MARK V NUTS - ZINC & YELLOW",,,,,,
UDN10M,,,,,,,,,,,,,,,,,,,NUTS/DURLOK NUTS,,,,,,
UDN14M,,,,,,,,,,,,,,,,,,,NUTS/DURLOK NUTS,,,,,,
24MCI4S00,,,,,,,,,,,,,,,,,,,"NUTS/INDUSTRIAL NUT, NUTS/INDUSTRIAL NUT/INDUSTRIAL NUTS - STAINLESS STEEL",,,,,,
24MCP800,,,,,,,,,,,,,,,,,,,"NUTS/TURRET NUT, NUTS/TURRET NUT/TURRET NUTS - SELF COLOUR",,,,,,
24MCP854,,,,,,,,,,,,,,,,,,,"NUTS/TURRET NUT, NUTS/TURRET NUT/TURRET NUTS - ZINC & YELLOW",,,,,,
12MCI2S00,,,,,,,,,,,,,,,,,,,"NUTS/INDUSTRIAL NUT, NUTS/INDUSTRIAL NUT/INDUSTRIAL NUTS - STAINLESS STEEL",,,,,,
12MCP2S00,,,,,,,,,,,,,,,,,,,"NUTS/TURRET NUT, NUTS/TURRET NUT/TURRET NUTS - STAINLESS STEEL",,,,,,
12MCP854,,,,,,,,,,,,,,,,,,,"NUTS/TURRET NUT, NUTS/TURRET NUT/TURRET NUTS - ZINC & YELLOW",,,,,,
16MCI2S00,,,,,,,,,,,,,,,,,,,"NUTS/INDUSTRIAL NUT, NUTS/INDUSTRIAL NUT/INDUSTRIAL NUTS - STAINLESS STEEL",,,,,,
10MCI800,,,,,,,,,,,,,,,,,,,"NUTS/INDUSTRIAL NUT, NUTS/INDUSTRIAL NUT/INDUSTRIAL NUTS - SELF COLOUR",,,,,,
14MCI800,,,,,,,,,,,,,,,,,,,"NUTS/INDUSTRIAL NUT, NUTS/INDUSTRIAL NUT/INDUSTRIAL NUTS - SELF COLOUR",,,,,,
18MCI800,,,,,,,,,,,,,,,,,,,"NUTS/INDUSTRIAL NUT, NUTS/INDUSTRIAL NUT/INDUSTRIAL NUTS - SELF COLOUR",,,,,,
27MCI854,,,,,,,,,,,,,,,,,,,"NUTS/INDUSTRIAL NUT, NUTS/INDUSTRIAL NUT/INDUSTRIAL NUTS - ZINC & YELLOW",,,,,,
33MCI854,,,,,,,,,,,,,,,,,,,"NUTS/INDUSTRIAL NUT, NUTS/INDUSTRIAL NUT/INDUSTRIAL NUTS - ZINC & YELLOW",,,,,,
4MCI854,,,,,,,,,,,,,,,,,,,"NUTS/INDUSTRIAL NUT, NUTS/INDUSTRIAL NUT/INDUSTRIAL NUTS - ZINC & YELLOW",,,,,,
30MCI4S00,,,,,,,,,,,,,,,,,,,"NUTS/INDUSTRIAL NUT, NUTS/INDUSTRIAL NUT/INDUSTRIAL NUTS - STAINLESS STEEL",,,,,,
33MCP854,,,,,,,,,,,,,,,,,,,"NUTS/TURRET NUT, NUTS/TURRET NUT/TURRET NUTS - ZINC & YELLOW",,,,,,
36MCP854,,,,,,,,,,,,,,,,,,,"NUTS/TURRET NUT, NUTS/TURRET NUT/TURRET NUTS - ZINC & YELLOW",,,,,,
4MCI4S00,,,,,,,,,,,,,,,,,,,"NUTS/INDUSTRIAL NUT, NUTS/INDUSTRIAL NUT/INDUSTRIAL NUTS - STAINLESS STEEL",,,,,,
16MCP800,,,,,,,,,,,,,,,,,,,"NUTS/TURRET NUT, NUTS/TURRET NUT/TURRET NUTS - SELF COLOUR",,,,,,
18MCP854,,,,,,,,,,,,,,,,,,,"NUTS/TURRET NUT, NUTS/TURRET NUT/TURRET NUTS - ZINC & YELLOW",,,,,,
20MFI854,,,,,,,,,,,,,,,,,,,"NUTS/INDUSTRIAL NUT, NUTS/INDUSTRIAL NUT/INDUSTRIAL NUTS - ZINC & YELLOW",,,,,,
24MFI1054,,,,,,,,,,,,,,,,,,,"NUTS/INDUSTRIAL NUT, NUTS/INDUSTRIAL NUT/INDUSTRIAL NUTS - ZINC & YELLOW",,,,,,
FN34C,,,,,,,,,,,,,,,,,,,"NUTS/HEX NUTS, NUTS/HEX NUTS/FULL NUTS",,,,,,
FN6C14Z,,,,,,,,,,,,,,,,,,,"NUTS/HEX NUTS, NUTS/HEX NUTS/SMALL PATTERN NUTS",,,,,,
NNP78FZ,,,,,,,,,,,,,,,,,,,"NUTS/LOCKING NUTS, NUTS/LOCKING NUTS/NYLON LOCKING NUTS",,,,,,
NNT78CZ,,,,,,,,,,,,,,,,,,,"NUTS/LOCKING NUTS, NUTS/LOCKING NUTS/NYLON LOCKING NUTS",,,,,,
NNT14MZ,,,,,,,,,,,,,,,,,,,"NUTS/LOCKING NUTS, NUTS/LOCKING NUTS/NYLON LOCKING NUTS",,,,,,
NNT27MZ,,,,,,,,,,,,,,,,,,,"NUTS/LOCKING NUTS, NUTS/LOCKING NUTS/NYLON LOCKING NUTS",,,,,,
NNP18MZ,,,,,,,,,,,,,,,,,,,"NUTS/LOCKING NUTS, NUTS/LOCKING NUTS/NYLON LOCKING NUTS",,,,,,
GUFP137,,,,,,,,,,,,,,,,,,,NUTS/TURRET NUT,,,,,,
UDN8M,,,,,,,,,,,,,,,,,,,NUTS/DURLOK NUTS,,,,,,
UDN16M,,,,,,,,,,,,,,,,,,,NUTS/DURLOK NUTS,,,,,,
22MCP854,,,,,,,,,,,,,,,,,,,"NUTS/TURRET NUT, NUTS/TURRET NUT/TURRET NUTS - ZINC & YELLOW",,,,,,
27MCP800,,,,,,,,,,,,,,,,,,,"NUTS/TURRET NUT, NUTS/TURRET NUT/TURRET NUTS - SELF COLOUR",,,,,,
12MCP800,,,,,,,,,,,,,,,,,,,"NUTS/TURRET NUT, NUTS/TURRET NUT/TURRET NUTS - SELF COLOUR",,,,,,
16MCP2S00,,,,,,,,,,,,,,,,,,,"NUTS/TURRET NUT, NUTS/TURRET NUT/TURRET NUTS - STAINLESS STEEL",,,,,,
8MCI800,,,,,,,,,,,,,,,,,,,"NUTS/INDUSTRIAL NUT, NUTS/INDUSTRIAL NUT/INDUSTRIAL NUTS - SELF COLOUR",,,,,,
24MCP2S00,,,,,,,,,,,,,,,,,,,"NUTS/TURRET NUT, NUTS/TURRET NUT/TURRET NUTS - STAINLESS STEEL",,,,,,
16MCV855,,,,,,,,,,,,,,,,,,,"NUTS/MARK V NUT, NUTS/MARK V NUT/MARK V NUTS - ZINC & YELLOW",,,,,,
22MCI854,,,,,,,,,,,,,,,,,,,"NUTS/INDUSTRIAL NUT, NUTS/INDUSTRIAL NUT/INDUSTRIAL NUTS - ZINC & YELLOW",,,,,,
36MCI854,,,,,,,,,,,,,,,,,,,"NUTS/INDUSTRIAL NUT, NUTS/INDUSTRIAL NUT/INDUSTRIAL NUTS - ZINC & YELLOW",,,,,,
30MCP854,,,,,,,,,,,,,,,,,,,"NUTS/TURRET NUT, NUTS/TURRET NUT/TURRET NUTS - ZINC & YELLOW",,,,,,
4MCI2S00,,,,,,,,,,,,,,,,,,,"NUTS/INDUSTRIAL NUT, NUTS/INDUSTRIAL NUT/INDUSTRIAL NUTS - STAINLESS STEEL",,,,,,
20MCP2S00,,,,,,,,,,,,,,,,,,,"NUTS/TURRET NUT, NUTS/TURRET NUT/TURRET NUTS - STAINLESS STEEL",,,,,,
30MCI854,,,,,,,,,,,,,,,,,,,"NUTS/INDUSTRIAL NUT, NUTS/INDUSTRIAL NUT/INDUSTRIAL NUTS - ZINC & YELLOW",,,,,,
30MCP2S00,,,,,,,,,,,,,,,,,,,"NUTS/TURRET NUT, NUTS/TURRET NUT/TURRET NUTS - STAINLESS STEEL",,,,,,
16MCP854,,,,,,,,,,,,,,,,,,,"NUTS/TURRET NUT, NUTS/TURRET NUT/TURRET NUTS - ZINC & YELLOW",,,,,,
5MCI800,,,,,,,,,,,,,,,,,,,"NUTS/INDUSTRIAL NUT, NUTS/INDUSTRIAL NUT/INDUSTRIAL NUTS - SELF COLOUR",,,,,,
5MCI854,,,,,,,,,,,,,,,,,,,"NUTS/INDUSTRIAL NUT, NUTS/INDUSTRIAL NUT/INDUSTRIAL NUTS - ZINC & YELLOW",,,,,,
SUFI137,,,,,,,,,,,,,,,,,,,"NUTS/INDUSTRIAL NUT, NUTS/INDUSTRIAL NUT/INDUSTRIAL NUTS - ZINC & CLEAR",,,,,,
GUFI137,,,,,,,,,,,,,,,,,,,"NUTS/INDUSTRIAL NUT, NUTS/INDUSTRIAL NUT/INDUSTRIAL NUTS - ZINC & CLEAR",,,,,,
5MCI2S00,,,,,,,,,,,,,,,,,,,"NUTS/INDUSTRIAL NUT, NUTS/INDUSTRIAL NUT/INDUSTRIAL NUTS - STAINLESS STEEL",,,,,,
6MCP800,,,,,,,,,,,,,,,,,,,"NUTS/TURRET NUT, NUTS/TURRET NUT/TURRET NUTS - SELF COLOUR",,,,,,
8MCP854,,,,,,,,,,,,,,,,,,,"NUTS/TURRET NUT, NUTS/TURRET NUT/TURRET NUTS - ZINC & YELLOW",,,,,,
10MCI854,,,,,,,,,,,,,,,,,,,"NUTS/INDUSTRIAL NUT, NUTS/INDUSTRIAL NUT/INDUSTRIAL NUTS - ZINC & YELLOW",,,,,,
18MCI854,,,,,,,,,,,,,,,,,,,"NUTS/INDUSTRIAL NUT, NUTS/INDUSTRIAL NUT/INDUSTRIAL NUTS - ZINC & YELLOW",,,,,,
8MCV855,,,,,,,,,,,,,,,,,,,"NUTS/MARK V NUT, NUTS/MARK V NUT/MARK V NUTS - ZINC & YELLOW",,,,,,
FKHUFI1037,,,,,,,,,,,,,,,,,,,NUTS/INDUSTRIAL NUT,,,,,,
YWI137FK,,,,,,,,,,,,,,,,,,,"NUTS/INDUSTRIAL NUT, NUTS/INDUSTRIAL NUT/INDUSTRIAL NUTS - ZINC & CLEAR",,,,,,
20MCV855,,,,,,,,,,,,,,,,,,,"NUTS/MARK V NUT, NUTS/MARK V NUT/MARK V NUTS - ZINC & YELLOW",,,,,,
NNT58CZ,,,,,,,,,,,,,,,,,,,"NUTS/LOCKING NUTS, NUTS/LOCKING NUTS/NYLON LOCKING NUTS",,,,,,
FN4C14Z,,,,,,,,,,,,,,,,,,,NUTS/HEX NUTS,,,,,,
FN39M,,,,,,,,,,,,,,,,,,,NUTS/HEX NUTS,,,,,,
NNT716CZ,,,,,,,,,,,,,,,,,,,"NUTS/LOCKING NUTS, NUTS/LOCKING NUTS/NYLON LOCKING NUTS",,,,,,
NNT114FZ,,,,,,,,,,,,,,,,,,,"NUTS/LOCKING NUTS, NUTS/LOCKING NUTS/NYLON LOCKING NUTS",,,,,,
LN1IZ,,,,,,,,,,,,,,,,,,,NUTS/LOCKING NUTS,,,,,,
NNP3CZ,,,,,,,,,,,,,,,,,,,"NUTS/LOCKING NUTS, NUTS/LOCKING NUTS/NYLON LOCKING NUTS",,,,,,
HJN516CZY,,,,,,,,,,,,,,,,,,,"NUTS/HEX NUTS, NUTS/HEX NUTS/JAM NUTS",,,,,,
33MCI800,,,,,,,,,,,,,,,,,,,"NUTS/INDUSTRIAL NUT, NUTS/INDUSTRIAL NUT/INDUSTRIAL NUTS - SELF COLOUR",,,,,,
FN34CZ,,,,,,,,,,,,,,,,,,,"NUTS/HEX NUTS, NUTS/HEX NUTS/FULL NUTS",,,,,,
FN1FZ,,,,,,,,,,,,,,,,,,,"NUTS/HEX NUTS, NUTS/HEX NUTS/FULL NUTS",,,,,,
NNP12FZ,,,,,,,,,,,,,,,,,,,"NUTS/LOCKING NUTS, NUTS/LOCKING NUTS/NYLON LOCKING NUTS",,,,,,
NNT48MZ,,,,,,,,,,,,,,,,,,,"NUTS/LOCKING NUTS, NUTS/LOCKING NUTS/NYLON LOCKING NUTS",,,,,,
LN58CZ,,,,,,,,,,,,,,,,,,,NUTS/LOCKING NUTS,,,,,,
FN214C,,,,,,,,,,,,,,,,,,,"NUTS/HEX NUTS, NUTS/HEX NUTS/FULL NUTS",,,,,,
FN12FZ,,,,,,,,,,,,,,,,,,,"NUTS/HEX NUTS, NUTS/HEX NUTS/FULL NUTS",,,,,,
FN716CGAL,,,,,,,,,,,,,,,,,,,"NUTS/HEX NUTS, NUTS/HEX NUTS/FULL NUTS",,,,,,
3MCP4S00,,,,,,,,,,,,,,,,,,,"NUTS/TURRET NUT, NUTS/TURRET NUT/TURRET NUTS - STAINLESS STEEL",,,,,,
4MCI800,,,,,,,,,,,,,,,,,,,"NUTS/INDUSTRIAL NUT, NUTS/INDUSTRIAL NUT/INDUSTRIAL NUTS - SELF COLOUR",,,,,,
8MCP1037,,,,,,,,,,,,,,,,,,,NUTS/TURRET NUT,,,,,,
JUFI100,,,,,,,,,,,,,,,,,,,"NUTS/INDUSTRIAL NUT, NUTS/INDUSTRIAL NUT/INDUSTRIAL NUTS - SELF COLOUR",,,,,,
NUFI154,,,,,,,,,,,,,,,,,,,"NUTS/INDUSTRIAL NUT, NUTS/INDUSTRIAL NUT/INDUSTRIAL NUTS - ZINC & YELLOW",,,,,,
UUFI100,,,,,,,,,,,,,,,,,,,"NUTS/INDUSTRIAL NUT, NUTS/INDUSTRIAL NUT/INDUSTRIAL NUTS - SELF COLOUR",,,,,,
12MCP4S00,,,,,,,,,,,,,,,,,,,"NUTS/TURRET NUT, NUTS/TURRET NUT/TURRET NUTS - STAINLESS STEEL",,,,,,
QFI100,,,,,,,,,,,,,,,,,,,"NUTS/INDUSTRIAL NUT, NUTS/INDUSTRIAL NUT/INDUSTRIAL NUTS - SELF COLOUR",,,,,,
10MCI2S00,,,,,,,,,,,,,,,,,,,"NUTS/INDUSTRIAL NUT, NUTS/INDUSTRIAL NUT/INDUSTRIAL NUTS - STAINLESS STEEL",,,,,,
30MCP4S00,,,,,,,,,,,,,,,,,,,"NUTS/TURRET NUT, NUTS/TURRET NUT/TURRET NUTS - STAINLESS STEEL",,,,,,
20MCI2S00,,,,,,,,,,,,,,,,,,,"NUTS/INDUSTRIAL NUT, NUTS/INDUSTRIAL NUT/INDUSTRIAL NUTS - STAINLESS STEEL",,,,,,
NN4CZ,,,,,,,,,,,,,,,,,,,"NUTS/LOCKING NUTS, NUTS/LOCKING NUTS/NYLON LOCKING NUTS",,,,,,
FN48M,,,,,,,,,,,,,,,,,,,NUTS/HEX NUTS,,,,,,
FN64M,,,,,,,,,,,,,,,,,,,NUTS/HEX NUTS,,,,,,
24MCV855,,,,,,,,,,,,,,,,,,,"NUTS/MARK V NUT, NUTS/MARK V NUT/MARK V NUTS - ZINC & YELLOW",,,,,,
4MCV855,,,,,,,,,,,,,,,,,,,"NUTS/MARK V NUT, NUTS/MARK V NUT/MARK V NUTS - ZINC & YELLOW",,,,,,
6MCP1037,,,,,,,,,,,,,,,,,,,NUTS/TURRET NUT,,,,,,
8MCP1054,,,,,,,,,,,,,,,,,,,"NUTS/TURRET NUT, NUTS/TURRET NUT/TURRET NUTS - ZINC & YELLOW",,,,,,
H2UCJ100,,,,,,,,,,,,,,,,,,,NUTS/INDUSTRIAL NUT,,,,,,
NUCI100,,,,,,,,,,,,,,,,,,,"NUTS/INDUSTRIAL NUT, NUTS/INDUSTRIAL NUT/INDUSTRIAL NUTS - SELF COLOUR",,,,,,
UUCI137,,,,,,,,,,,,,,,,,,,"NUTS/INDUSTRIAL NUT, NUTS/INDUSTRIAL NUT/INDUSTRIAL NUTS - ZINC & CLEAR",,,,,,
10MCP4S00,,,,,,,,,,,,,,,,,,,"NUTS/TURRET NUT, NUTS/TURRET NUT/TURRET NUTS - STAINLESS STEEL",,,,,,
16MCI1054,,,,,,,,,,,,,,,,,,,"NUTS/INDUSTRIAL NUT, NUTS/INDUSTRIAL NUT/INDUSTRIAL NUTS - ZINC & YELLOW",,,,,,
16MCP1000,,,,,,,,,,,,,,,,,,,"NUTS/TURRET NUT, NUTS/TURRET NUT/TURRET NUTS - SELF COLOUR",,,,,,
20MCI1054,,,,,,,,,,,,,,,,,,,"NUTS/INDUSTRIAL NUT, NUTS/INDUSTRIAL NUT/INDUSTRIAL NUTS - ZINC & YELLOW",,,,,,
30MFJ854,,,,,,,,,,,,,,,,,,,"NUTS/INDUSTRIAL NUT, NUTS/INDUSTRIAL NUT/INDUSTRIAL NUTS - ZINC & YELLOW",,,,,,
8MCI4S00,,,,,,,,,,,,,,,,,,,"NUTS/INDUSTRIAL NUT, NUTS/INDUSTRIAL NUT/INDUSTRIAL NUTS - STAINLESS STEEL",,,,,,
22MCV855,,,,,,,,,,,,,,,,,,,"NUTS/MARK V NUT, NUTS/MARK V NUT/MARK V NUTS - ZINC & YELLOW",,,,,,
18MCV855,,,,,,,,,,,,,,,,,,,"NUTS/MARK V NUT, NUTS/MARK V NUT/MARK V NUTS - ZINC & YELLOW",,,,,,
27MCP854,,,,,,,,,,,,,,,,,,,"NUTS/TURRET NUT, NUTS/TURRET NUT/TURRET NUTS - ZINC & YELLOW",,,,,,
14MCP854,,,,,,,,,,,,,,,,,,,"NUTS/TURRET NUT, NUTS/TURRET NUT/TURRET NUTS - ZINC & YELLOW",,,,,,
16MFI854,,,,,,,,,,,,,,,,,,,"NUTS/INDUSTRIAL NUT, NUTS/INDUSTRIAL NUT/INDUSTRIAL NUTS - ZINC & YELLOW",,,,,,
UDN20M,,,,,,,,,,,,,,,,,,,NUTS/DURLOK NUTS,,,,,,
FN114CZ,,,,,,,,,,,,,,,,,,,"NUTS/HEX NUTS, NUTS/HEX NUTS/FULL NUTS",,,,,,
NNP6CZ,,,,,,,,,,,,,,,,,,,"NUTS/LOCKING NUTS, NUTS/LOCKING NUTS/NYLON LOCKING NUTS",,,,,,
NNT1FZ,,,,,,,,,,,,,,,,,,,"NUTS/LOCKING NUTS, NUTS/LOCKING NUTS/NYLON LOCKING NUTS",,,,,,
NNT58FZ,,,,,,,,,,,,,,,,,,,"NUTS/LOCKING NUTS, NUTS/LOCKING NUTS/NYLON LOCKING NUTS",,,,,,
NNP34CZ,,,,,,,,,,,,,,,,,,,"NUTS/LOCKING NUTS, NUTS/LOCKING NUTS/NYLON LOCKING NUTS",,,,,,
NNT6MZ,,,,,,,,,,,,,,,,,,,"NUTS/LOCKING NUTS, NUTS/LOCKING NUTS/NYLON LOCKING NUTS",,,,,,
NNT24MZ,,,,,,,,,,,,,,,,,,,"NUTS/LOCKING NUTS, NUTS/LOCKING NUTS/NYLON LOCKING NUTS",,,,,,
NNP14MZ,,,,,,,,,,,,,,,,,,,"NUTS/LOCKING NUTS, NUTS/LOCKING NUTS/NYLON LOCKING NUTS",,,,,,
NNP516FZ,,,,,,,,,,,,,,,,,,,"NUTS/LOCKING NUTS, NUTS/LOCKING NUTS/NYLON LOCKING NUTS",,,,,,
LN34IZ,,,,,,,,,,,,,,,,,,,NUTS/LOCKING NUTS,,,,,,
LNET516IZ,,,,,,,,,,,,,,,,,,,NUTS/LOCKING NUTS,,,,,,
FN2C,,,,,,,,,,,,,,,,,,,"NUTS/HEX NUTS, NUTS/HEX NUTS/FULL NUTS",,,,,,
FN112F,,,,,,,,,,,,,,,,,,,"NUTS/HEX NUTS, NUTS/HEX NUTS/FULL NUTS",,,,,,
FN716CZ,,,,,,,,,,,,,,,,,,,"NUTS/HEX NUTS, NUTS/HEX NUTS/FULL NUTS",,,,,,
FN112CZ,,,,,,,,,,,,,,,,,,,"NUTS/HEX NUTS, NUTS/HEX NUTS/FULL NUTS",,,,,,
FN58FZ,,,,,,,,,,,,,,,,,,,"NUTS/HEX NUTS, NUTS/HEX NUTS/FULL NUTS",,,,,,
FN716CZY,,,,,,,,,,,,,,,,,,,"NUTS/HEX NUTS, NUTS/HEX NUTS/FULL NUTS",,,,,,
FN516CGAL,,,,,,,,,,,,,,,,,,,"NUTS/HEX NUTS, NUTS/HEX NUTS/FULL NUTS",,,,,,
FN114C,,,,,,,,,,,,,,,,,,,"NUTS/HEX NUTS, NUTS/HEX NUTS/FULL NUTS",,,,,,
FN14C,,,,,,,,,,,,,,,,,,,"NUTS/HEX NUTS, NUTS/HEX NUTS/FULL NUTS",,,,,,
FN1C,,,,,,,,,,,,,,,,,,,"NUTS/HEX NUTS, NUTS/HEX NUTS/FULL NUTS",,,,,,
FN20M,,,,,,,,,,,,,,,,,,,"NUTS/HEX NUTS, NUTS/HEX NUTS/FULL NUTS",,,,,,
FN80M,,,,,,,,,,,,,,,,,,,NUTS/HEX NUTS,,,,,,
FN3M,,,,,,,,,,,,,,,,,,,"NUTS/HEX NUTS, NUTS/HEX NUTS/FULL NUTS",,,,,,
FN42M,,,,,,,,,,,,,,,,,,,NUTS/HEX NUTS,,,,,,
FN45M,,,,,,,,,,,,,,,,,,,NUTS/HEX NUTS,,,,,,
FN214IZY,,,,,,,,,,,,,,,,,,,NUTS/HEX NUTS,,,,,,
FN10F38Z,,,,,,,,,,,,,,,,,,,NUTS/HEX NUTS,,,,,,
HJN916C,,,,,,,,,,,,,,,,,,,"NUTS/HEX NUTS, NUTS/HEX NUTS/JAM NUTS",,,,,,
HJN2F,,,,,,,,,,,,,,,,,,,"NUTS/HEX NUTS, NUTS/HEX NUTS/JAM NUTS",,,,,,
HJN1CZ,,,,,,,,,,,,,,,,,,,"NUTS/HEX NUTS, NUTS/HEX NUTS/JAM NUTS",,,,,,
HJN78FZ,,,,,,,,,,,,,,,,,,,"NUTS/HEX NUTS, NUTS/HEX NUTS/JAM NUTS",,,,,,
FN24M,,,,,,,,,,,,,,,,,,,NUTS/HEX NUTS,,,,,,
FN6M,,,,,,,,,,,,,,,,,,,NUTS/HEX NUTS,,,,,,
5MCP854,,,,,,,,,,,,,,,,,,,"NUTS/TURRET NUT, NUTS/TURRET NUT/TURRET NUTS - ZINC & YELLOW",,,,,,
LF4610878,,,,,,,,,,,,,,,,,,,NUTS/,,,,,,
20MCI800,,,,,,,,,,,,,,,,,,,"NUTS/INDUSTRIAL NUT, NUTS/INDUSTRIAL NUT/INDUSTRIAL NUTS - SELF COLOUR",,,,,,
FORFPNUT20,,,,,,,,,,,,,,,,,,,NUTS/HEX NUTS & WASHERS,,,,,,
FN118CZ,,,,,,,,,,,,,,,,,,,"NUTS/HEX NUTS, NUTS/HEX NUTS/FULL NUTS",,,,,,
FN134C,,,,,,,,,,,,,,,,,,,"NUTS/HEX NUTS, NUTS/HEX NUTS/FULL NUTS",,,,,,
FN214F,,,,,,,,,,,,,,,,,,,"NUTS/HEX NUTS, NUTS/HEX NUTS/FULL NUTS",,,,,,
FN1CZ,,,,,,,,,,,,,,,,,,,"NUTS/HEX NUTS, NUTS/HEX NUTS/FULL NUTS",,,,,,
FN78FZ,,,,,,,,,,,,,,,,,,,"NUTS/HEX NUTS, NUTS/HEX NUTS/FULL NUTS",,,,,,
NN5CZ,,,,,,,,,,,,,,,,,,,"NUTS/LOCKING NUTS, NUTS/LOCKING NUTS/NYLON LOCKING NUTS",,,,,,
NNP38FZ,,,,,,,,,,,,,,,,,,,"NUTS/LOCKING NUTS, NUTS/LOCKING NUTS/NYLON LOCKING NUTS",,,,,,
NNT516FZ,,,,,,,,,,,,,,,,,,,"NUTS/LOCKING NUTS, NUTS/LOCKING NUTS/NYLON LOCKING NUTS",,,,,,
NNP114FZ,,,,,,,,,,,,,,,,,,,"NUTS/LOCKING NUTS, NUTS/LOCKING NUTS/NYLON LOCKING NUTS",,,,,,
NNT16MZ,,,,,,,,,,,,,,,,,,,"NUTS/LOCKING NUTS, NUTS/LOCKING NUTS/NYLON LOCKING NUTS",,,,,,
NNP12MZ,,,,,,,,,,,,,,,,,,,"NUTS/LOCKING NUTS, NUTS/LOCKING NUTS/NYLON LOCKING NUTS",,,,,,
LN58IZ,,,,,,,,,,,,,,,,,,,NUTS/LOCKING NUTS,,,,,,
FN214IZ,,,,,,,,,,,,,,,,,,,"NUTS/HEX NUTS, NUTS/HEX NUTS/HEAVY NUTS",,,,,,
HJN1CGAL,,,,,,,,,,,,,,,,,,,"NUTS/HEX NUTS, NUTS/HEX NUTS/JAM NUTS",,,,,,
HJN34C,,,,,,,,,,,,,,,,,,,"NUTS/HEX NUTS, NUTS/HEX NUTS/JAM NUTS",,,,,,
HJN716CZ,,,,,,,,,,,,,,,,,,,"NUTS/HEX NUTS, NUTS/HEX NUTS/JAM NUTS",,,,,,
HJN58FZ,,,,,,,,,,,,,,,,,,,"NUTS/HEX NUTS, NUTS/HEX NUTS/JAM NUTS",,,,,,
FN10F38,,,,,,,,,,,,,,,,,,,NUTS/HEX NUTS,,,,,,
NNP6MZ,,,,,,,,,,,,,,,,,,,"NUTS/LOCKING NUTS, NUTS/LOCKING NUTS/NYLON LOCKING NUTS",,,,,,
FORFPNYL10,,,,,,,,,,,,,,,,,,,NUTS/HEX NUTS & WASHERS,,,,,,
FORFPNYL4,,,,,,,,,,,,,,,,,,,NUTS/HEX NUTS & WASHERS,,,,,,
FN14C716,,,,,,,,,,,,,,,,,,,NUTS/HEX NUTS,,,,,,
FORNUT12M,,,,,,,,,,,,,,,,,,,NUTS/HEX NUTS,,,,,,
FORNUT3M,,,,,,,,,,,,,,,,,,,NUTS/HEX NUTS,,,,,,
FORNYLOC10G,,,,,,,,,,,,,,,,,,,"NUTS/HEX NUTS, NUTS/HEX NUTS/NYLON NUTS",,,,,,
FORNYLOC20M,,,,,,,,,,,,,,,,,,,"NUTS/HEX NUTS, NUTS/HEX NUTS/NYLON NUTS",,,,,,
FORWING10M,,,,,,,,,,,,,,,,,,,NUTS/WING NUTS,,,,,,
FORWING5M,,,,,,,,,,,,,,,,,,,NUTS/WING NUTS,,,,,,
FORNYLOC8M,,,,,,,,,,,,,,,,,,,"NUTS/HEX NUTS, NUTS/HEX NUTS/NYLON NUTS",,,,,,
FORPTN6M,,,,,,,,,,,,,,,,,,,NUTS/PRONGED NUTS,,,,,,
FORFPNYL12,,,,,,,,,,,,,,,,,,,NUTS/HEX NUTS & WASHERS,,,,,,
FORFPNYL20,,,,,,,,,,,,,,,,,,,NUTS/HEX NUTS & WASHERS,,,,,,
FORFPNYL6SS,,,,,,,,,,,,,,,,,,,NUTS/NYLOC NUTS,,,,,,
27MCI800,,,,,,,,,,,,,,,,,,,"NUTS/INDUSTRIAL NUT, NUTS/INDUSTRIAL NUT/INDUSTRIAL NUTS - SELF COLOUR",,,,,,
8MCI837,,,,,,,,,,,,,,,,,,,"NUTS/INDUSTRIAL NUT, NUTS/INDUSTRIAL NUT/INDUSTRIAL NUTS - ZINC & CLEAR",,,,,,
GFI137,,,,,,,,,,,,,,,,,,,"NUTS/INDUSTRIAL NUT, NUTS/INDUSTRIAL NUT/INDUSTRIAL NUTS - ZINC & CLEAR",,,,,,
WUFI137,,,,,,,,,,,,,,,,,,,"NUTS/INDUSTRIAL NUT, NUTS/INDUSTRIAL NUT/INDUSTRIAL NUTS - ZINC & CLEAR",,,,,,
14MCP800,,,,,,,,,,,,,,,,,,,"NUTS/TURRET NUT, NUTS/TURRET NUT/TURRET NUTS - SELF COLOUR",,,,,,
27MCP1054,,,,,,,,,,,,,,,,,,,"NUTS/TURRET NUT, NUTS/TURRET NUT/TURRET NUTS - ZINC & YELLOW",,,,,,
10MCP854,,,,,,,,,,,,,,,,,,,"NUTS/TURRET NUT, NUTS/TURRET NUT/TURRET NUTS - ZINC & YELLOW",,,,,,
3MCP854,,,,,,,,,,,,,,,,,,,"NUTS/TURRET NUT, NUTS/TURRET NUT/TURRET NUTS - ZINC & YELLOW",,,,,,
6MCP4S00,,,,,,,,,,,,,,,,,,,"NUTS/TURRET NUT, NUTS/TURRET NUT/TURRET NUTS - STAINLESS STEEL",,,,,,
3MCP2S00,,,,,,,,,,,,,,,,,,,"NUTS/TURRET NUT, NUTS/TURRET NUT/TURRET NUTS - STAINLESS STEEL",,,,,,
FORFPWING10,,,,,,,,,,,,,,,,,,,NUTS/WING NUTS,,,,,,